source,meta,agent,attempt,baseline,correction,expression,params,n_params,tree_nodes,data_error,training_fitness,rho_rrmse,velocity_rrmse,flow_rrmse,eligible,runtime_seconds,peak_memory_mb
automodel/baseline/greenshields_identity.json,0,baseline,identity,greenshields,identity,1,[],0,1,8.210503067133661,8.220503067133661,0.30561151517531865,0.2661046093830755,0.2833434383635223,True,2.260353658002714,668.09765625
automodel/baseline/weidmann_identity.json,0,baseline,identity,weidmann,identity,1,[],0,1,6.919011523943006,6.9290115239430055,0.2696084540308545,0.25630355439196073,0.25950311933987374,True,2.368064410002262,679.59765625
automodel/baseline_triangular_identity.json,0,baseline,identity,triangular,identity,1,[],0,1,8.059319874999666,8.069319874999666,0.2698447421253368,0.2972712778714146,0.25183475970861074,True,2.365593671998795,674.71484375
automodel/baseline/idm_identity.json,0,baseline,identity,idm,identity,1,[],0,1,7.392855633844915,7.402855633844915,0.2572056171129728,0.2858362874136752,0.20246297845911657,True,4.712873546999617,740.20703125
automodel/baseline/del_castillo_identity.json,0,baseline,identity,del_castillo,identity,1,[],0,1,6.872578062937073,6.882578062937073,0.26740810259085507,0.2567965496798978,0.2573221988185957,True,2.5201449029991636,687.19140625
meta_1/agent_1/attempt_1/results.json,1,agent_1,attempt_1,greenshields,amplitude_upwind,1 + a * ((delta flat_left exp(b*rho)) *_1 exp(c*rho)),"[0.2773406079948813, 6.202214353248763, -3.8834447404787396]",3,17,6.558993654847436,6.728993654847436,0.27771391881529184,0.23249699437455576,0.27896851184704735,False,70.58582628599834,988.1171875
meta_1/agent_1/attempt_1/results.json,1,agent_1,attempt_1,weidmann,amplitude_upwind,1 + a * ((delta flat_left exp(b*rho)) *_1 exp(c*rho)),"[0.8514643856893805, 0.03862139013732069, -4.321196303328879]",3,17,6.91434455266136,7.08434455266136,0.26949865954457886,0.2562369285581264,0.25952992077480563,False,30.858642327999405,1074.640625
meta_1/agent_1/attempt_1/results.json,1,agent_1,attempt_1,triangular,amplitude_upwind,1 + a * ((delta flat_left exp(b*rho)) *_1 exp(c*rho)),"[0.8514643856893805, 0.03862139013732069, -4.321196303328879]",3,17,8.053578239902464,8.223578239902464,0.2697335980664049,0.29717898793858294,0.25180711447676835,False,28.294955768000364,1155.12109375
meta_1/agent_1/attempt_1/results.json,1,agent_1,attempt_1,idm,amplitude_upwind,1 + a * ((delta flat_left exp(b*rho)) *_1 exp(c*rho)),"[0.8514643856893805, 0.03862139013732069, -4.321196303328879]",3,17,7.384923795357777,7.554923795357777,0.25709784726933793,0.2856556893125493,0.20242010001207783,False,113.00966908800183,1193.109375
meta_1/agent_1/attempt_1/results.json,1,agent_1,attempt_1,del_castillo,amplitude_upwind,1 + a * ((delta flat_left exp(b*rho)) *_1 exp(c*rho)),"[0.8514643856893805, 0.03862139013732069, -4.321196303328879]",3,17,6.86668904717502,7.03668904717502,0.2672782903771135,0.2567023498852081,0.2573186573720744,False,41.48667462499725,1213.515625
meta_1/agent_1/attempt_2/results.json,1,agent_1,attempt_2,greenshields,exponential_upwind_envelope,exp(a * ((delta flat_left exp(b*rho)) *_1 exp(c*rho))),"[0.9995905202439134, -2.5941771902774216, -3.451367126102035]",3,16,7.626750173944863,7.7867501739448635,0.2660613115728174,0.2859132420211583,0.2807427802492382,True,27.543369406001148,1019.6015625
meta_1/agent_1/attempt_2/results.json,1,agent_1,attempt_2,weidmann,exponential_upwind_envelope,exp(a * ((delta flat_left exp(b*rho)) *_1 exp(c*rho))),"[0.0, -0.34098766530860947, -2.5745462518723023]",3,16,6.9190115239430074,7.079011523943008,0.2696084540308545,0.2563035543919608,0.2595031193398738,True,35.56308906000049,1104.43359375
meta_1/agent_1/attempt_2/results.json,1,agent_1,attempt_2,triangular,exponential_upwind_envelope,exp(a * ((delta flat_left exp(b*rho)) *_1 exp(c*rho))),"[1.33207381785501, -2.5816474357531867, -5.355257363950801]",3,16,7.601895691916203,7.761895691916203,0.26406551479861234,0.28689251947805805,0.25258461618208766,True,17.887691607000306,1180.59375
meta_1/agent_1/attempt_2/results.json,1,agent_1,attempt_2,idm,exponential_upwind_envelope,exp(a * ((delta flat_left exp(b*rho)) *_1 exp(c*rho))),"[0.0, -0.39403019102328196, -2.7321715325991773]",3,16,7.392855633844912,7.552855633844912,0.25720561711297274,0.28583628741367517,0.20246297845911657,True,142.3036862810004,1180.59375
meta_1/agent_1/attempt_2/results.json,1,agent_1,attempt_2,del_castillo,exponential_upwind_envelope,exp(a * ((delta flat_left exp(b*rho)) *_1 exp(c*rho))),"[0.8743993791978524, -6.905257765053735, -7.799146596061548]",3,16,6.83555415747655,6.99555415747655,0.26127981951375684,0.2616179257321441,0.2579447948990812,True,38.493257215002814,1269.8671875
meta_1/agent_2/attempt_1/results.json,1,agent_2,attempt_1,greenshields,downwind_window1,1 + (delta flat_downwind/right exp(c1*rho)) *_1 exp(c2*rho),"[-0.3776692270094796, -38.17725770185642]",2,15,6.829880424905498,6.979880424905498,0.2554738156121664,0.2670781496765895,0.2797342545424671,False,51.7617430340033,882.67578125
meta_1/agent_2/attempt_1/results.json,1,agent_2,attempt_1,weidmann,downwind_window1,1 + (delta flat_downwind/right exp(c1*rho)) *_1 exp(c2*rho),"[-3.220670199382729, -2.6455212787065427]",2,15,16.918573988925026,100.15,0.43484421544408325,0.3863702732785226,0.26525420604072447,False,24.251266033999855,916.15234375
meta_1/agent_2/attempt_1/results.json,1,agent_2,attempt_1,triangular,downwind_window1,1 + (delta flat_downwind/right exp(c1*rho)) *_1 exp(c2*rho),"[0.03640630290638801, 11.835863970335684]",2,15,7.8234805499000775,7.973480549900078,0.2673964127128818,0.2914940298981846,0.2505315227739043,False,51.991215386002295,1011.125
meta_1/agent_2/attempt_1/results.json,1,agent_2,attempt_1,idm,downwind_window1,1 + (delta flat_downwind/right exp(c1*rho)) *_1 exp(c2*rho),"[0.0, 3.8263290876201026]",2,15,7.392855633844906,7.542855633844907,0.2572056171129727,0.285836287413675,0.20246297845911662,True,202.56854578699858,1011.125
meta_1/agent_2/attempt_1/results.json,1,agent_2,attempt_1,del_castillo,downwind_window1,1 + (delta flat_downwind/right exp(c1*rho)) *_1 exp(c2*rho),"[-0.0006553467501482167, 2.7747333548705324]",2,15,6.869584562274704,7.019584562274704,0.2673103729536958,0.25678172784847864,0.25731645274086967,True,67.47644930500246,1011.125
meta_1/agent_2/attempt_2/results.json,1,agent_2,attempt_2,greenshields,downwind_window3,1 + (delta flat_downwind/right exp(c1*rho)) *_3 exp(c2*rho),"[-0.3683737845133066, -7.950539374478607]",2,15,6.8543645228528725,7.004364522852866,0.2559419053516675,0.2675463166295054,0.27951287114572787,True,42.87459915399813,1084.1640625
meta_1/agent_2/attempt_2/results.json,1,agent_2,attempt_2,weidmann,downwind_window3,1 + (delta flat_downwind/right exp(c1*rho)) *_3 exp(c2*rho),"[0.201754023475905, 8.151159515206118]",2,15,6.214391932557375,6.36439193255737,0.2510271975285285,0.2475342092562575,0.26173891633861196,True,38.729862608000985,1124.02734375
meta_1/agent_2/attempt_2/results.json,1,agent_2,attempt_2,triangular,downwind_window3,1 + (delta flat_downwind/right exp(c1*rho)) *_3 exp(c2*rho),"[0.13270747982141273, 8.70403766073787]",2,15,7.498459824215287,7.64845982421528,0.2587396428069056,0.2881371092456864,0.2546182912445677,True,41.6317381450026,1142.52734375
meta_1/agent_2/attempt_2/results.json,1,agent_2,attempt_2,idm,downwind_window3,1 + (delta flat_downwind/right exp(c1*rho)) *_3 exp(c2*rho),"[-10.0, -10.0]",2,15,7.070317321727025,7.220317321727018,0.260274369499125,0.27141038855646893,0.20532871019274032,True,70.8547778209977,1174.33984375
meta_1/agent_2/attempt_2/results.json,1,agent_2,attempt_2,del_castillo,downwind_window3,1 + (delta flat_downwind/right exp(c1*rho)) *_3 exp(c2*rho),"[0.13009550793468766, 9.519560935812226]",2,15,6.315030738886305,6.465030738886299,0.25559213856321206,0.24692766852341583,0.2587203896079443,True,45.729222736998054,1191.1953125
meta_1/agent_3/attempt_1/results.json,1,agent_3,attempt_1,greenshields,positive_local_right_gradient,exp(c0*rho + c1*((delta flat_right_P rho) *_1 exp(c2*rho))),"[0.1404076935880539, -0.7239893839866117, -2.9412166394750745]",3,15,6.612569000109672,6.762569000109672,0.26126244974756857,0.2529689948473778,0.25577654608807254,True,90.86546214100235,886.43359375
meta_1/agent_3/attempt_1/results.json,1,agent_3,attempt_1,weidmann,positive_local_right_gradient,exp(c0*rho + c1*((delta flat_right_P rho) *_1 exp(c2*rho))),"[0.023185542992546486, 0.024759696683645464, -4.242087127562392]",3,15,6.864676388424973,7.014676388424974,0.27071375246093776,0.2529972173701077,0.2557196001079016,False,108.68377381699975,1006.34765625
meta_1/agent_3/attempt_1/results.json,1,agent_3,attempt_1,triangular,positive_local_right_gradient,exp(c0*rho + c1*((delta flat_right_P rho) *_1 exp(c2*rho))),"[-0.03541553062164054, 0.061826393368971534, 1.4557727953972832]",3,15,8.041865351991625,8.191865351991625,0.27018517080254967,0.2963735489517065,0.25621542735216646,True,79.39744114000132,1046.8046875
meta_1/agent_3/attempt_1/results.json,1,agent_3,attempt_1,idm,positive_local_right_gradient,exp(c0*rho + c1*((delta flat_right_P rho) *_1 exp(c2*rho))),"[-0.09007846837179878, 0.03421429929901941, 0.1472854336317868]",3,15,7.206705011329262,7.356705011329263,0.25872938959001496,0.2778366483906749,0.204423961090486,True,218.38201849300094,1119.0390625
meta_1/agent_3/attempt_1/results.json,1,agent_3,attempt_1,del_castillo,positive_local_right_gradient,exp(c0*rho + c1*((delta flat_right_P rho) *_1 exp(c2*rho))),"[-0.02627710754370958, -0.026915699698703985, 4.932897875384308]",3,15,6.757770855554793,6.907770855554793,0.2610452428073986,0.25886444004289616,0.261386500117514,False,94.60162404499715,1119.0390625
meta_1/agent_3/attempt_2/results.json,1,agent_3,attempt_2,greenshields,positive_local_squared_right_gradient,exp(c0*rho + c1*square(delta flat_right_P rho)),"[0.002262573242187498, 0.0003246154785156246]",2,11,6.74783916734528,6.85783916734528,0.25446041283279336,0.2649654348172039,0.27857242513275865,True,17.64969507799833,792.47265625
meta_1/agent_3/attempt_2/results.json,1,agent_3,attempt_2,weidmann,positive_local_squared_right_gradient,exp(c0*rho + c1*square(delta flat_right_P rho)),"[-1.4102935791015629e-05, 7.398605346679688e-06]",2,11,6.917947288145797,7.027947288145797,0.2693524321318482,0.2565311152035442,0.25948445764737144,True,12.04203053799938,857.4375
meta_1/agent_3/attempt_2/results.json,1,agent_3,attempt_2,triangular,positive_local_squared_right_gradient,exp(c0*rho + c1*square(delta flat_right_P rho)),"[-6.720256805419923e-05, 2.8322696685791018e-05]",2,11,8.046828708981394,8.156828708981394,0.2687513023021884,0.2978410846248476,0.25186860784364606,True,11.379817052998987,946.5
meta_1/agent_3/attempt_2/results.json,1,agent_3,attempt_2,idm,positive_local_squared_right_gradient,exp(c0*rho + c1*square(delta flat_right_P rho)),"[-0.00074078369140625, 0.0014930419921874998]",2,11,7.070265153914827,7.180265153914827,0.257016937125301,0.2744951677334696,0.20703322153309514,True,55.87455271200088,1033.93359375
meta_1/agent_3/attempt_2/results.json,1,agent_3,attempt_2,del_castillo,positive_local_squared_right_gradient,exp(c0*rho + c1*square(delta flat_right_P rho)),"[0.0006469421386718748, 6.158447265625e-05]",2,11,6.659208406528785,6.769208406528786,0.2583861538159112,0.25772226067376486,0.2569223646242389,True,20.554999911997584,1091.21875
meta_2/agent_1/attempt_1/results.json,2,agent_1,attempt_1,greenshields,amplitude_downwind_window3,1 + a * ((delta flat_downwind/right exp(c1*rho)) *_3 exp(c2*rho)),"[0.3861880785003381, -0.9787458135853737, -14.403340466911636]",3,17,6.830335473083677,7.000335473083677,0.25612321828736995,0.26647252487975903,0.27966221377222644,True,34.95714890599993,1165.42578125
meta_2/agent_1/attempt_1/results.json,2,agent_1,attempt_1,weidmann,amplitude_downwind_window3,1 + a * ((delta flat_downwind/right exp(c1*rho)) *_3 exp(c2*rho)),"[0.7538222099290781, 0.0065833333333333325, 0.05241454547669783]",3,17,6.9144831048258,7.0844831048258,0.26963638098959475,0.25609741143430187,0.25952107113610023,True,32.146414943999844,1260.796875
meta_2/agent_1/attempt_1/results.json,2,agent_1,attempt_1,triangular,amplitude_downwind_window3,1 + a * ((delta flat_downwind/right exp(c1*rho)) *_3 exp(c2*rho)),"[1.396112468659148, 0.0005869341563786009, 0.4461060203905579]",3,17,8.057657656255154,8.227657656255154,0.26984304691026,0.29721689581733124,0.25183147809148215,True,36.13991179200093,1334.234375
meta_2/agent_1/attempt_1/results.json,2,agent_1,attempt_1,idm,amplitude_downwind_window3,1 + a * ((delta flat_downwind/right exp(c1*rho)) *_3 exp(c2*rho)),"[0.6466348104748465, -15.0, -9.0461289580936]",3,17,7.038807517453664,7.208807517453664,0.25944767340893155,0.27104068903352074,0.20516607131733997,True,80.90780735600129,1363.04296875
meta_2/agent_1/attempt_1/results.json,2,agent_1,attempt_1,del_castillo,amplitude_downwind_window3,1 + a * ((delta flat_downwind/right exp(c1*rho)) *_3 exp(c2*rho)),"[2.0, -0.01433333333333333, 1.2579490914407399]",3,17,6.785823108537643,6.9558231085376425,0.2642077172995005,0.25673087911301223,0.25708171601545887,True,36.176557499999035,1485.671875
meta_2/agent_1/attempt_2/results.json,2,agent_1,attempt_2,greenshields,amplitude_linear_downwind_window3,1 + a * ((delta flat_downwind/right rho) *_3 exp(c*rho)),"[-0.3531145537176037, -11.791381115338833]",2,14,6.845748328025056,6.985748328025056,0.2561877283483374,0.26698841623602254,0.2796932064613765,True,28.669103828000516,1155.984375
meta_2/agent_1/attempt_2/results.json,2,agent_1,attempt_2,weidmann,amplitude_linear_downwind_window3,1 + a * ((delta flat_downwind/right rho) *_3 exp(c*rho)),"[0.014116699218750006, 13.412877490361403]",2,14,6.721889272041798,6.861889272041798,0.26050937355399767,0.2580167663764114,0.26094045453280107,True,21.050828808001825,1214.1484375
meta_2/agent_1/attempt_2/results.json,2,agent_1,attempt_2,triangular,amplitude_linear_downwind_window3,1 + a * ((delta flat_downwind/right rho) *_3 exp(c*rho)),"[0.020687500000000004, 3.080239358934307]",2,14,8.03279347415526,8.172793474155261,0.26975917861111115,0.2964554857616298,0.25184041804314766,True,18.638050026998826,1251.32421875
meta_2/agent_1/attempt_2/results.json,2,agent_1,attempt_2,idm,amplitude_linear_downwind_window3,1 + a * ((delta flat_downwind/right rho) *_3 exp(c*rho)),"[0.004468750000000003, 11.829630912226396]",2,14,7.343069656543658,7.483069656543658,0.25643536430484154,0.2847846503319945,0.20249125407867702,True,43.544898306001414,1283.86328125
meta_2/agent_1/attempt_2/results.json,2,agent_1,attempt_2,del_castillo,amplitude_linear_downwind_window3,1 + a * ((delta flat_downwind/right rho) *_3 exp(c*rho)),"[-0.03360937500000001, -15.0]",2,14,6.741615404162355,6.881615404162354,0.26271321638719025,0.2565425384195464,0.2571694791193454,True,31.18692665100025,1305.14453125
meta_2/agent_2/attempt_1/results.json,2,agent_2,attempt_1,greenshields,linear_downwind_window3,1 + a * ((delta flat_downwind/right rho) *_3 exp(b*rho)),"[-1.1324244034897355, -8.17666515872669]",2,14,7.1652355067362805,7.305235506736273,0.2712659789836685,0.2640444636434507,0.27892658321275604,True,30.48834538200026,1168.77734375
meta_2/agent_2/attempt_1/results.json,2,agent_2,attempt_1,weidmann,linear_downwind_window3,1 + a * ((delta flat_downwind/right rho) *_3 exp(b*rho)),"[0.027496093750000006, -0.0038798828125000038]",2,14,6.9010636559456255,7.041063655945619,0.26996063954309213,0.2552303395296045,0.25960675403602834,True,23.938401076997252,1292.234375
meta_2/agent_2/attempt_1/results.json,2,agent_2,attempt_1,triangular,linear_downwind_window3,1 + a * ((delta flat_downwind/right rho) *_3 exp(b*rho)),"[0.00078125, -8.593750000000002e-05]",2,14,8.057376743630591,8.197376743630585,0.26983910157479213,0.2972110262657172,0.25183028131184976,True,26.571884469001816,1350.46484375
meta_2/agent_2/attempt_1/results.json,2,agent_2,attempt_1,idm,linear_downwind_window3,1 + a * ((delta flat_downwind/right rho) *_3 exp(b*rho)),"[-1.3290729525987315, -10.0]",2,14,7.197282859606471,7.337282859606464,0.2598029057869636,0.2764925086449533,0.2058637156103466,True,71.09549771499951,1362.85546875
meta_2/agent_2/attempt_1/results.json,2,agent_2,attempt_1,del_castillo,linear_downwind_window3,1 + a * ((delta flat_downwind/right rho) *_3 exp(b*rho)),"[-0.047232421875000014, 0.008178222656250008]",2,14,6.736284806457007,6.876284806457001,0.262108218872632,0.25695325981305744,0.2569972647561495,True,37.671471451998514,1399.31640625
meta_2/agent_2/attempt_2/results.json,2,agent_2,attempt_2,greenshields,linear_upwind_window3,1 + a * ((delta flat_upwind/left rho) *_3 exp(b*rho)),"[-0.6524609352819928, -6.717213424479311]",2,14,7.716523207488071,7.856523207488062,0.2717922417937655,0.28365373512520636,0.29006635572836154,True,21.26327287299864,1177.58203125
meta_2/agent_2/attempt_2/results.json,2,agent_2,attempt_2,weidmann,linear_upwind_window3,1 + a * ((delta flat_upwind/left rho) *_3 exp(b*rho)),"[0.0, -4.454621715800995]",2,14,6.9190115239430074,7.059011523943001,0.2696084540308545,0.2563035543919608,0.2595031193398738,True,19.212821647000965,1258.26171875
meta_2/agent_2/attempt_2/results.json,2,agent_2,attempt_2,triangular,linear_upwind_window3,1 + a * ((delta flat_upwind/left rho) *_3 exp(b*rho)),"[-0.0006250000000000001, -4.844401115933584]",2,14,8.057847606176608,8.1978476061766,0.26981116975759883,0.2972522242096236,0.2518435278650688,True,21.51803615099925,1341.1328125
meta_2/agent_2/attempt_2/results.json,2,agent_2,attempt_2,idm,linear_upwind_window3,1 + a * ((delta flat_upwind/left rho) *_3 exp(b*rho)),"[-0.020476562500000003, -5.371647358077222]",2,14,7.383228232020228,7.523228232020222,0.25708888223677917,0.28560439644838814,0.20266095316053873,True,49.47908605200064,1383.66796875
meta_2/agent_2/attempt_2/results.json,2,agent_2,attempt_2,del_castillo,linear_upwind_window3,1 + a * ((delta flat_upwind/left rho) *_3 exp(b*rho)),"[-0.02724609375000001, -7.911303762066126]",2,14,6.861592945457731,7.001592945457722,0.2665136730815688,0.257298116918343,0.25758404703147636,True,34.2042176449977,1385.06640625
meta_2/agent_3/attempt_1/results.json,2,agent_3,attempt_1,greenshields,exponential_downwind_window3,exp(a * ((delta flat_right_P exp(b*rho)) *_3 exp(c*rho))),"[0.08217926608168837, -8.55628781079746, -8.627366882645777]",3,16,6.778902613002732,6.938902613002732,0.2550628517051729,0.26555789188062107,0.27929916717882447,True,45.10488856300071,1314.203125
meta_2/agent_3/attempt_1/results.json,2,agent_3,attempt_1,weidmann,exponential_downwind_window3,exp(a * ((delta flat_right_P exp(b*rho)) *_3 exp(c*rho))),"[0.633523770618396, 0.008916666666666665, 2.5597482999813614]",3,16,6.911252816549025,7.071252816549025,0.2695438992051183,0.25606862894989996,0.25954455805514,True,33.425477198998124,1360.77734375
meta_2/agent_3/attempt_1/results.json,2,agent_3,attempt_1,triangular,exponential_downwind_window3,exp(a * ((delta flat_right_P exp(b*rho)) *_3 exp(c*rho))),"[0.8526721547625224, -0.0007703883932726353, 9.228378886863158]",3,16,8.057001466321395,8.217001466321395,0.26984244093328535,0.2971953673891879,0.251814565806139,True,38.53197851100049,1360.77734375
meta_2/agent_3/attempt_1/results.json,2,agent_3,attempt_1,idm,exponential_downwind_window3,exp(a * ((delta flat_right_P exp(b*rho)) *_3 exp(c*rho))),"[0.6140045959036415, -10.0, -0.4413702101694601]",3,16,6.982831919163061,7.142831919163061,0.2582994163965412,0.2700704535347535,0.20521328834354308,True,64.0801332709998,1473.05859375
meta_2/agent_3/attempt_1/results.json,2,agent_3,attempt_1,del_castillo,exponential_downwind_window3,exp(a * ((delta flat_right_P exp(b*rho)) *_3 exp(c*rho))),"[0.32080618400420935, -0.24432706085102307, -7.09251940431346]",3,16,6.684841528435391,6.844841528435391,0.25889062882675973,0.258210133175274,0.2571321933796002,True,32.340782045001106,1519.84765625
meta_2/agent_3/attempt_2/results.json,2,agent_3,attempt_2,greenshields,local_exponential_downwind_window3,exp(c0*rho) + ((delta flat_right_P exp(c1*rho)) *_3 exp(c2*rho)),"[0.5, -5.957330755601453, -10.0]",3,18,6.2390238713093495,6.419023871309349,0.25687892644268967,0.24247411114557824,0.2069119992185694,True,33.65483130799839,1206.5859375
meta_2/agent_3/attempt_2/results.json,2,agent_3,attempt_2,weidmann,local_exponential_downwind_window3,exp(c0*rho) + ((delta flat_right_P exp(c1*rho)) *_3 exp(c2*rho)),"[-0.0002499999999999999, 0.003416666666666667, 6.533333333333349]",3,18,6.909358081555781,7.089358081555781,0.2693530120773941,0.25619546544767496,0.259613139228528,True,31.649279591998493,1528.91015625
meta_2/agent_3/attempt_2/results.json,2,agent_3,attempt_2,triangular,local_exponential_downwind_window3,exp(c0*rho) + ((delta flat_right_P exp(c1*rho)) *_3 exp(c2*rho)),"[-0.006277777777777777, 0.006027777777777779, 7.15555555555553]",3,18,8.032270329075658,8.212270329075658,0.2691978550090776,0.2969476745826187,0.2526649507652734,True,33.40562819399929,1528.91015625
meta_2/agent_3/attempt_2/results.json,2,agent_3,attempt_2,idm,local_exponential_downwind_window3,exp(c0*rho) + ((delta flat_right_P exp(c1*rho)) *_3 exp(c2*rho)),"[-0.002858491339720548, -7.739894331884692, -10.0]",3,18,7.0881339808935575,7.268133980893557,0.260312499305597,0.2720295614876161,0.20540048399936855,True,65.89631987800021,1528.91015625
meta_2/agent_3/attempt_2/results.json,2,agent_3,attempt_2,del_castillo,local_exponential_downwind_window3,exp(c0*rho) + ((delta flat_right_P exp(c1*rho)) *_3 exp(c2*rho)),"[-0.011000000000000003, 0.006583333333333333, 10.0]",3,18,6.792482919332309,6.972482919332308,0.26479158733863206,0.25638852092348785,0.25923444940316487,True,38.76943404999838,1528.91015625
